grid_id,green_fraction,water_fraction,building_fraction,road_km_per_km2,district_name
r015_c040,0.9197703793106096,0.656192309199072,0.0,4.132996577081431,崇明区
r016_c036,0.0,0.0256558872032954,0.0,7.636247779493275,崇明区
r016_c038,0.1157658791520699,0.0012961299139329,0.0023058881028441,5.396511039242182,崇明区
r019_c048,0.0,0.0,0.0,5.726522942970379,崇明区
r021_c057,0.0,0.0065437788402119,0.0,3.31831807172919,崇明区
r021_c062,0.7240597049210497,0.0460613686083565,0.0009544640202771,2.2075483080678864,崇明区
r022_c062,0.1390762468387858,0.0343484504939694,0.0080637569392901,6.50520954187833,崇明区
r023_c061,0.0,0.0,0.0011056195178453,4.2080079224528335,崇明区
r024_c064,0.0,0.0,0.0,2.254357971469857,崇明区
r025_c071,0.0,0.0,0.0,1.7790953442305024,崇明区
r027_c054,0.0,0.0,0.1029706460655839,7.228485205113243,崇明区
r027_c056,0.0986429900444589,0.129074894878603,0.0,5.8121906141581645,崇明区
r027_c057,0.0530765477813461,0.0118617832023578,0.0315771575830126,9.319220495931756,崇明区
r029_c066,0.0,0.0227596516790699,0.0,5.805514225461089,崇明区
r032_c078,0.0,0.0459942141633867,0.00035266737331,4.10495931675711,崇明区
r036_c100,0.0944741514089487,0.005378915620901,0.0,2.4473080060367987,崇明区
r037_c098,0.0,0.0281910207323476,0.0,12.63776756956848,崇明区
r038_c109,0.568420210307398,0.1190880063193188,0.0009288294769341,4.345060797325847,崇明区
r038_c110,0.783446003559473,0.4941713375152681,0.0011416482663217,3.8302811293724153,崇明区
r040_c045,0.0,0.0,0.0,8.211501371089984,宝山区
r041_c043,0.0,0.0,0.0,2.771841949005914,嘉定区
r041_c097,0.0,0.1117887916812422,0.0413710916753563,6.443756437246097,崇明区
r043_c094,0.0511511423034011,0.0409496687572471,0.0061785785311613,2.8976129351890143,崇明区
r043_c096,0.0,0.0571846347352957,0.0,8.365857008900004,崇明区
r046_c049,0.2377583835452725,0.0,0.0,2.8132752689403517,宝山区
r047_c048,0.0,0.0,0.0,6.972362044932685,宝山区
r048_c048,0.0,0.0370042706210073,0.0,9.639834360455474,宝山区
r048_c062,0.1275871631702192,0.0,0.0076345939327773,11.353358822502026,宝山区
r048_c063,0.1281285595519842,0.0126142747453673,0.0116221502143083,12.270001392801133,宝山区
r049_c038,0.1277239870812564,0.0606223489763715,0.0,3.587157183574531,嘉定区
r049_c050,0.047043831137384,0.0641114988287879,0.0,6.722977372609538,宝山区
r049_c084,0.6436752480454396,0.0133950808947587,0.0,11.548256936106474,崇明区
r049_c085,0.9898446372819796,0.0618977979871411,0.0,12.777342307587084,崇明区
r049_c086,0.7600662043070184,0.149458257507026,0.0003991178162139,11.419946435223167,崇明区
r050_c062,0.0349601034121469,0.0,0.0751525752921612,12.61166248055988,宝山区
r050_c085,0.1806537283250056,0.0309000282933857,0.0209571168691171,9.6969069760364,崇明区
r051_c038,0.0077639619998755,0.0340149713348046,0.0050450434931491,8.602328614342676,嘉定区
r051_c039,0.0507841899170711,0.0039149415183191,0.0524306460715099,16.797647004547763,嘉定区
r051_c046,0.0,0.0,0.0,4.906875209952521,嘉定区
r051_c066,0.3459739445729101,0.1923049335210216,0.0226749096053118,8.246922837761836,浦东新区
r051_c067,0.961428656766054,0.04518897854022,0.0035844336904032,16.6124395211857,浦东新区
r051_c068,0.4553794175610389,0.0084232733174524,0.0006888420239454,7.953176202432317,浦东新区
r051_c085,0.0897360701564107,0.0343133923017336,0.0433575033817378,18.94144726800808,崇明区
r052_c067,0.2847111055204749,0.0,0.0141738396767346,14.39406504037549,浦东新区
r053_c040,0.0518395476748445,0.0203713922487119,0.0090462054555803,10.759502976120716,嘉定区
r053_c057,0.0230607830842482,0.0,0.0308030107447413,11.657856551531482,宝山区
r054_c051,0.0,0.0,0.0,8.143291615326048,宝山区
r054_c057,0.303202436570839,0.0,0.0082633048002859,12.797544852663629,宝山区
r054_c093,0.0512517410312506,0.0619968487814342,0.0154341977516765,8.510922773834965,崇明区
r055_c051,0.4499140730491604,0.0599943265946571,0.0484639547145507,12.588521874873807,宝山区
r055_c057,0.0479138050326028,0.0849453427565222,0.031101455195919,7.0177882804166725,宝山区
r055_c058,0.0099838537383205,0.0876421417042673,0.0361110806361467,10.048615978196322,宝山区
r055_c059,0.0878739796054406,0.0386454637950271,0.0181564784022001,5.1882930515502,宝山区
r055_c061,0.0559734271965067,0.0,0.0248202233917652,6.477600994918042,宝山区
r055_c063,0.0857264598844236,0.0186216015072415,0.1760633787448291,11.248184268459964,宝山区
r055_c064,0.0038369678013821,0.0261726977742714,0.0742780868270808,13.371397109058304,宝山区
r055_c072,0.0227254851462347,0.0345321853015932,0.0950393544231208,13.067432314472274,浦东新区
r056_c037,0.030075192772555,0.0466542587785755,0.0663737220184195,26.82428067951973,嘉定区
r056_c041,0.0009778721827234,0.0034307713687208,0.0181270666472707,8.338525012836968,嘉定区
r056_c103,0.0,0.0939269279732313,0.0001832956853078,3.2665540664752024,崇明区
r057_c054,0.0308391089170503,0.0684939433022137,0.0300212516415739,8.331005272348774,宝山区
r057_c058,0.0164128691254998,0.0,0.0096595385144052,6.906022166912627,宝山区
r057_c061,0.0,0.030988980741792,0.0248573776989811,7.077046357173089,宝山区
r057_c065,0.114915437423218,0.0618366213090203,0.0447683720955445,30.228088614350963,杨浦区
r057_c069,0.6119436322686229,0.0467140128847146,0.0022521502870251,16.55220932627622,杨浦区
r057_c074,0.4318915789712917,0.0151255189498075,0.0345864544987788,15.602416091888657,浦东新区
r058_c045,0.1072792170739598,0.0995276592205033,0.0,10.02607545915524,嘉定区
r058_c055,0.0242406736199269,0.0,0.0073238218310969,9.285300750615969,宝山区
r058_c060,0.0354842518814547,0.0198680110940001,0.0,10.039212013276762,静安区
r058_c062,0.028182388183361,0.0202688381670647,0.0167906521598783,6.306746074551769,虹口区
r058_c067,0.0520926890949895,0.0039509638815909,0.0837844606062801,16.630455020953253,杨浦区
r058_c070,0.2111298301623333,0.5560990173839236,0.0281319910900037,4.59736474304561,杨浦区
r058_c073,0.0469899421230793,0.0010283197695796,0.0458597270748839,11.286961639937608,浦东新区
r058_c100,0.0,0.0,0.0,5.002226933340573,崇明区
r059_c029,0.0,0.0,0.0167816572037225,6.202757545910446,嘉定区
r059_c031,0.0301775263262648,0.0,0.1555169316751971,3.2109963468906617,嘉定区
r059_c059,0.0391763710889938,0.0198570686573689,0.0561416222239883,18.293173187241127,静安区
r059_c061,0.0056405543322991,0.0125373554075976,0.0298958353269695,14.651771937118625,虹口区
r059_c062,0.0212283190655911,0.0224355422203153,0.0302249294624237,15.91841583592454,虹口区
r059_c064,0.0715404926708087,0.0085043942677404,0.1053878496425312,17.87152919365291,杨浦区
r059_c065,0.0309332496363735,0.0,0.2069843403131454,21.242194711894275,杨浦区
r059_c066,0.0169607475253463,0.003095546119878,0.1424788949921562,22.75686815540277,杨浦区
r060_c030,0.0016719035527769,0.0006332634075286,0.1454627611904107,16.086031790805734,嘉定区
r060_c045,0.0058060849372157,0.0036610531413178,0.0101857417919108,11.157298154086604,嘉定区
r060_c046,0.0808345140175483,0.0092256265993585,0.0489929154020492,13.029957219149397,嘉定区
r060_c058,0.023780417498568,0.0255302077090227,0.1166882266818476,23.04559233569765,静安区
r060_c064,0.0474713657532084,0.0037576452595162,0.203832297595133,15.197266250433726,虹口区
r061_c031,0.2408257862878355,0.0731640280404797,0.1196156910053306,14.59666703993026,嘉定区
r061_c056,0.0077488991753054,0.0011901182959917,0.1233017762186279,16.76864987042047,宝山区
r061_c057,0.0230024615121803,0.0208423578223051,0.1930597212885287,24.251474659270208,静安区
r061_c059,0.0677652174761898,0.0014665023147972,0.0613158796510823,15.48316206199666,静安区
r061_c062,0.0079990587112331,0.0257362298456729,0.2295849027901641,19.43865513947622,虹口区
r061_c064,0.0475423783345466,0.0010199373681718,0.2272493994371984,24.89555566804153,杨浦区
r061_c068,0.1477981243736786,0.0213199181655721,0.0334923581283123,10.92625003250789,杨浦区
r061_c082,0.0,0.0,0.0306651787012183,11.522042040874958,浦东新区
r062_c055,0.0653975893365707,0.0040951244174481,0.0604196192246534,7.141788587308848,宝山区
r062_c057,0.0035471856104434,0.0,0.1451893467436826,10.777492144811122,普陀区
r062_c058,0.3366112911380706,0.0449542720580868,0.1096547999258402,17.259569551571534,静安区
r062_c059,0.1529696924317953,0.0470503835160104,0.2322501125577563,11.600987335724692,静安区
r062_c060,0.1267242107950443,0.0201650949276925,0.1882517715789104,14.39012037265389,静安区
r062_c062,0.1333967248266747,0.0243360989078235,0.2430578785937906,28.348892492521365,虹口区
r062_c064,0.1205166836666256,0.0158138829158232,0.1788449174525013,21.66635400765808,虹口区
r062_c066,0.0,0.0193905048701912,0.1770110873653133,12.751540882039848,杨浦区
r062_c068,0.0024290374499682,0.0,0.0466278577409845,19.19036001513576,杨浦区
r062_c069,0.0075711975117617,0.0,0.0146926238014002,9.075349816011864,杨浦区
r063_c062,0.0133810790399773,0.0263667591920408,0.1525780949713738,15.499550392946285,虹口区
r063_c063,0.0118486515981417,0.0221231986219876,0.174068465221348,16.25739355212943,虹口区
r063_c064,0.0021845536549082,0.0001604647094315,0.2192604562314696,19.022409434344077,虹口区
r063_c066,0.0329422379381835,0.0,0.2128435493644798,14.35834453529142,杨浦区
r063_c068,0.0224725865279077,0.0,0.0635628494875429,13.300031171948577,杨浦区
r063_c071,0.0042667750775459,0.0208942409420578,0.0530409581267198,14.593881464845287,浦东新区
r064_c054,0.0995285031355865,0.0066528749367074,0.0788981492011566,13.4042292448114,普陀区
r064_c055,0.0283787394672214,0.0143085273879665,0.1356638323179712,13.245037570486936,普陀区
r064_c056,0.0724292390259188,0.0053015286538548,0.1756486612220785,19.14015259122557,普陀区
r064_c057,0.0146924342891002,0.0117143216689054,0.187961506662391,18.700650387036877,普陀区
r064_c058,0.1100165810647365,0.0730921639480762,0.0821650464546754,23.529533399961533,普陀区
r064_c059,0.0053979252922676,0.0688007900133333,0.1726441305630557,24.367923694875422,静安区
r064_c061,0.0334399582767083,0.0,0.040757327828778,12.219461479271349,静安区
r064_c062,0.0288185891853501,0.0002883299536897,0.085626979586073,17.346223728234264,静安区
r064_c063,0.0663796337016986,0.0371566100147753,0.2498987636162778,27.44936586173309,虹口区
r064_c064,0.0275604976511788,0.004434869529868,0.1429950845262096,23.2540713602344,虹口区
r064_c065,0.042741966500696,0.1262166534450137,0.111330538900722,12.566490002278094,虹口区
r064_c066,0.0266946152772436,0.1125268797196211,0.0559620336682777,12.99439180835438,杨浦区
r064_c067,0.0082332377611502,0.193047812686782,0.0615702974095177,11.19789468727646,杨浦区
r064_c068,0.0315608631170021,0.5017894903063045,0.0585442757628964,8.968257618767936,杨浦区
r064_c072,0.0330822221296925,0.0012856986081712,0.0735364408286509,20.933601242650223,浦东新区
r064_c074,0.0147845206331238,0.003697045859301,0.0854765446420521,27.51115977012005,浦东新区
r064_c081,0.0,0.0,0.0048678809875738,12.84840795861768,浦东新区
r065_c031,0.0,0.0,0.0,10.268903958490103,青浦区
r065_c046,0.0149224543769169,0.0027457114616098,0.0619195807124058,9.605748210894577,嘉定区
r065_c048,0.0074616732269911,0.0463049332925502,0.0192069640049761,8.910361953017269,嘉定区
r065_c052,0.0264229279737218,0.0,0.057174537295445,13.10689203968086,普陀区
r065_c057,0.0226157536417407,0.0619199481909093,0.1723813422008734,20.13773948778715,普陀区
r065_c058,0.0364310673742375,0.0054059469054544,0.1763540384289248,17.82912530671678,普陀区
r065_c059,0.0105441129810359,0.0646930931987092,0.157941061932943,23.425520872549804,普陀区
r065_c060,0.0509141034062879,0.0475581169034849,0.1211185332928288,34.26331100994455,静安区
r065_c061,0.0192794932950665,0.0515262218093346,0.1536311132939651,23.41750104690424,静安区
r065_c062,0.0235726021919392,0.0545146726924853,0.2534702132261557,26.27174228834429,静安区
r065_c063,0.0778604459903941,0.240444767756258,0.2629798848573726,26.27863609665713,黄浦区
r065_c064,0.14971619033277,0.4850070788305164,0.0965905297170617,23.901224674447665,浦东新区
r065_c065,0.1695044950586339,0.3279289943104393,0.1297767788830323,30.45376345102888,浦东新区
r065_c066,0.1084921119225359,0.3127167202896911,0.1185061479353865,24.780513582387474,浦东新区
r065_c067,0.1300294814245658,0.2453655460748279,0.1013781657490211,20.953204416165104,浦东新区
r065_c068,0.0237453255990622,0.0285888856882477,0.026568699691135,18.19781064280265,浦东新区
r065_c069,0.0140196924683804,0.0292273519356637,0.0559863817085916,13.08834844241772,浦东新区
r065_c070,0.0421659238842446,0.0183188082993745,0.110387245605893,14.05893712587709,浦东新区
r065_c073,0.0323921996415318,0.034006416759347,0.1011477878372074,27.9878479332484,浦东新区
r066_c028,0.0,0.0112178819434427,0.0157956588822745,6.238599051155545,青浦区
r066_c048,0.0247996505126619,0.0829144209984311,0.1019958493858214,8.422841758692234,闵行区
r066_c051,0.0,0.0,0.0,8.758610214914107,普陀区
r066_c052,0.0031214017349726,0.0,0.0984650276551142,13.03231913399976,普陀区
r066_c055,0.0435144398250192,0.0148919387354438,0.2398882399932429,23.12674922399017,普陀区
r066_c056,0.0024003683265519,0.0179080702007808,0.1784369070879255,13.155187776891246,普陀区
r066_c057,0.0058481038105989,0.046834386640733,0.1442973544661834,17.251047555974342,静安区
r066_c058,0.0060524866531976,0.0,0.1545466100484206,14.325682879044878,静安区
r066_c059,0.0068125085070931,0.0,0.1697600406074945,14.508975621176855,静安区
r066_c060,0.0750985203631617,0.0068376743117413,0.2334169492732641,18.704139923240348,静安区
r066_c061,0.1524000492320839,0.0021904670281892,0.28339089222179,32.47526806594943,黄浦区
r066_c062,0.1154357831460257,0.0,0.392608310826381,36.97392323468039,黄浦区
r066_c063,0.0462886960190445,0.1659517631981207,0.2898215820514103,34.77817534894245,黄浦区
r066_c064,0.1129971031332822,0.4437060619132732,0.1179948809452277,29.429666316919988,浦东新区
r066_c065,0.1009826563167389,0.0051897942706231,0.1960652656856572,42.71745108311908,浦东新区
r066_c066,0.0575389458924621,0.0,0.2768806828900993,36.52849742437645,浦东新区
r066_c067,0.0660382809064638,0.0005071244853817,0.240521739681997,28.754038647737342,浦东新区
r066_c070,0.0680616711721327,0.0449597725610797,0.1662795484015845,29.5319001368237,浦东新区
r066_c074,0.371856043939373,0.0496096195839445,0.0199045721357246,16.673425595456223,浦东新区
r067_c045,0.0660320739642638,0.1074067357413938,0.0,7.378262524800029,闵行区
r067_c051,0.0694659393939868,0.0693323989059007,0.0224410485969957,20.37847567458928,普陀区
r067_c052,0.1817594779439786,0.0563479490307807,0.0091778353802954,22.573985868943087,普陀区
r067_c053,0.1050304042279096,0.0452630834151995,0.0581260888150575,17.159856050140494,普陀区
r067_c054,0.4297159437916737,0.1747062981259444,0.1367355923976244,24.1883603740078,普陀区
r067_c055,0.0840919737959852,0.058035850478621,0.1764898491471086,25.81872073807748,普陀区
r067_c056,0.2161686997808498,0.0750577489509484,0.170823929683402,22.823893931370957,长宁区
r067_c057,0.0151846002870245,0.0,0.224807693324495,19.86286637730948,长宁区
r067_c058,0.0103251850276494,6.358507072203087e-05,0.131415078119866,17.546973505241997,静安区
r067_c059,0.0308889671943491,0.0017299564688838,0.2303543931250108,19.84852594981116,静安区
r067_c060,0.0311397888401339,0.0003653599179202,0.2839060701302076,19.821469128757037,黄浦区
r067_c061,0.1834401230921602,0.0057757657164892,0.2340557935124949,34.59787255827625,黄浦区
r067_c062,0.1445548330570136,0.0113500620714761,0.2351048386096133,27.00833820138832,黄浦区
r067_c063,0.0225139024979045,0.0043229981498349,0.1512027838403893,35.0076574562579,黄浦区
r067_c064,0.011836611905135,0.1417698072617305,0.1398752733862167,32.685975603389885,黄浦区
r067_c066,0.0450754699378646,0.0017399688401154,0.278493457322034,28.757460854988167,浦东新区
r067_c067,0.1692421708586306,0.0229668968696997,0.2244690880787007,31.52761996146994,浦东新区
r067_c068,0.2378526290617517,0.0151480768660186,0.1742588312079511,34.98414796663853,浦东新区
r067_c069,0.2714195004789247,0.001404756299553,0.1517017634074931,36.15708489740831,浦东新区
r067_c070,0.2271461949510609,0.0453822967272042,0.131910228018798,29.06229405456649,浦东新区
r067_c077,0.2441669405587974,0.0158875421450454,0.0435899580631492,27.407600468426125,浦东新区
r068_c046,0.084256555062628,0.0499427444090692,0.0792261736875321,11.988194942035395,闵行区
r068_c049,0.1568634397096652,0.0089514564630467,0.0484500613723525,13.30976753829391,长宁区
r068_c050,0.0240497128369151,0.0001429844005518,0.0286797558275615,12.711423340093274,长宁区
r068_c053,0.0455505554533065,0.0,0.1801677706907091,18.08268499319786,长宁区
r068_c054,0.0086961177545423,0.0004406444424528,0.2430930420710594,14.23780385119528,长宁区
r068_c055,0.0337368307427687,0.0,0.2524716955994741,21.263595053305668,长宁区
r068_c056,0.1128931099434347,0.0133490319982583,0.2441911528797319,24.757546033151453,长宁区
r068_c057,0.0123583367983044,0.0,0.2418442824737273,23.26892753849439,长宁区
r068_c058,0.0444075930832832,0.0,0.1630425867402139,15.819356209505898,徐汇区
r068_c059,0.0532282404653229,0.0,0.2395862657177196,16.55572898983949,徐汇区
r068_c060,0.0929104201965043,9.374404514172922e-05,0.3005810486345248,20.017994241050893,徐汇区
r068_c061,0.0914697648068723,0.0014121632549045,0.2098197501421453,23.299059657465385,黄浦区
r068_c062,0.0205337771500403,0.0,0.1981311166892619,14.81607469406334,黄浦区
r068_c063,0.0089267400422167,0.0002658960240975,0.2216454314535532,25.628306908879427,黄浦区
r068_c064,0.0397760525603301,0.0,0.1615797488225728,24.80159522896384,黄浦区
r068_c065,0.0624813901638407,0.3835397652165182,0.1115109863983466,17.09368693668775,黄浦区
r068_c069,0.6341254980873681,0.179486566588489,0.0769439568240405,22.809401446483665,浦东新区
r068_c070,0.317204311588659,0.0441944004587345,0.0769274351781715,18.59162865659832,浦东新区
r068_c071,0.0042225968921158,0.0,0.2022353963186722,17.12215885965416,浦东新区
r068_c076,0.0322725276567536,0.0023283905781156,0.025464136551035,14.95690981069106,浦东新区
r068_c077,0.0376715407492205,0.0,0.0266701921093044,16.3809361090745,浦东新区
r068_c080,0.0031564267217738,0.0195995273899129,0.0284790870190029,9.08275906046357,浦东新区
r068_c084,0.0,0.0,0.0,8.97498145349561,浦东新区
r069_c042,0.0,0.0,0.0556017956007481,13.613700584155207,闵行区
r069_c051,0.0489149703399288,0.0009025545735713,0.0148974409405892,9.399840018708616,长宁区
r069_c052,0.4190670118201824,0.0618825133255017,0.0433807582622735,9.997335798090646,长宁区
r069_c053,0.0280574170774117,0.0028408667526221,0.2353431101337815,9.954999821786958,长宁区
r069_c054,0.0834992546810397,0.0016360654608142,0.1504850919037304,18.781593909319923,长宁区
r069_c055,0.136351576098552,0.0067069081468335,0.2040061479789113,30.493029325757963,长宁区
r069_c056,0.0159126975373988,0.0,0.2408171737197321,21.167107106482085,长宁区
r069_c057,0.0489623577758162,0.0,0.2421625898765633,23.69282492990948,长宁区
r069_c058,0.0416768251168364,0.0,0.1921142747465837,14.873747428197838,徐汇区
r069_c059,0.0359579598304896,0.0,0.202423540920321,13.815134844861896,徐汇区
r069_c060,0.0200091971795995,0.0,0.2262934697890683,14.87937287065384,徐汇区
r069_c061,0.0128213349923563,0.0,0.2086923409010086,18.124391819680813,黄浦区
r069_c062,0.0224665691514046,0.0,0.2884333390959377,17.98475748308455,黄浦区
r069_c063,0.0422714728012509,0.000203363689019,0.1975848664623208,20.625516861300014,黄浦区
r069_c064,0.0763802437479098,0.2800332318969757,0.1277558947334405,21.421615467364376,黄浦区
r069_c065,0.0716683773419726,0.1638787625269518,0.0348740493309066,22.731321149189142,浦东新区
r069_c066,0.0297836975612062,0.0,0.1115676388350959,18.06311881336069,浦东新区
r069_c070,0.0699404227699399,0.0018031293169906,0.1330078888290567,21.265722616021765,浦东新区
r069_c073,0.0736035282341893,0.0,0.0917620602555469,9.829962866565245,浦东新区
r069_c074,0.0130694248359479,0.0058268564282156,0.064108851085873,13.50805328205618,浦东新区
r069_c075,0.0765423456906769,0.0299280658397776,0.002361655700427,11.239670482707572,浦东新区
r069_c081,0.0015848239529546,0.0566373901693291,0.0,5.568495342196958,浦东新区
r070_c042,0.036985504476788,0.0,0.0189672214603311,18.351740846069383,青浦区
r070_c045,0.1067573690494541,0.0662992810615615,0.171681769179674,21.46552973931876,闵行区
r070_c046,0.0105222092396233,0.0,0.2766819619873996,24.930527165675468,闵行区
r070_c050,0.1543738405903591,0.0141426592483124,0.0284629207298052,16.1015384628337,长宁区
r070_c051,0.0197030806134916,0.0132863113674548,0.0367074379950113,11.25030629573784,长宁区
r070_c052,0.0089504332612319,0.0,0.0240397743280114,12.871046754802729,长宁区
r070_c053,0.0053622906197119,0.0013710466623665,0.0605617530407258,19.20847288144472,长宁区
r070_c055,0.0376201317235124,0.0,0.1584765879966657,8.908052056361052,长宁区
r070_c057,0.0561990955437585,0.000337180770633,0.171784454038454,23.216449320021407,徐汇区
r070_c058,0.0818512132427646,0.0039615444228554,0.1938447694283086,19.476561252630567,徐汇区
r070_c059,0.0234039871673787,0.000324996443512,0.1273583389093916,8.67572034692869,徐汇区
r070_c060,0.0208341469718942,0.0,0.2235815965464194,14.7044168888125,徐汇区
r070_c061,0.0527842868553717,0.0374772893416935,0.1197083772378937,22.135692919980418,徐汇区
r070_c062,0.0643481653417165,0.3144802693659084,0.0657826555870132,17.969139888831002,黄浦区
r070_c063,0.0667173793005494,0.4360337767759812,0.0699198460601854,11.045749267201984,黄浦区
r070_c064,0.0979778172993537,0.3456347393013453,0.0475154790821199,11.602865296797823,浦东新区
r070_c066,0.0,0.0531387621483371,0.0801947675092432,9.744894333601549,浦东新区
r070_c068,0.2270578175865677,0.0567721469045801,0.099010350640357,24.21686012341001,浦东新区
r070_c084,0.0560083036914836,0.0035520732323274,0.0951328291967466,12.765553392222216,浦东新区
r070_c085,0.0014130913687061,0.0,0.0048753931212315,11.13207297173652,浦东新区
r071_c042,0.1119060139368204,0.0,0.0167666589731683,15.849212887670989,青浦区
r071_c051,0.0009934681421166,0.0,0.0633925145342196,13.458024746063051,闵行区
r071_c053,0.0,0.0114870047958215,0.0227978359910858,8.801844538379514,闵行区
r071_c057,0.01578160830056,0.0,0.2266672311536473,16.7532189957373,徐汇区
r071_c058,0.0468617393904679,0.0,0.1392738407302585,22.531301134994656,徐汇区
r071_c059,0.0278231534294426,0.0,0.1505104463030184,17.936976880604746,徐汇区
r071_c060,0.0582486643002158,0.0378781428708504,0.1426038175217245,18.55113953549762,徐汇区
r071_c061,0.363713813620425,0.4975576368264972,0.0486301358560826,16.907450683192565,浦东新区
r071_c062,0.7433279474206151,0.2394684498668965,0.0380510792248242,26.95399315966269,浦东新区
r071_c063,0.091709458896123,0.0028301823952058,0.2437177319644873,14.940694953577312,浦东新区
r071_c064,0.0334467738140825,0.0125771060387526,0.1694094762749869,17.11884562689703,浦东新区
r071_c069,0.0177480331935846,0.0435804674705883,0.1380900833091225,8.664781539001146,浦东新区
r071_c074,0.0653085858329478,0.0472714286119563,0.1447308553527971,18.448993986167796,浦东新区
r071_c077,0.0373468805656367,0.0083058316166531,0.0109303607284135,12.27855360184691,浦东新区
r072_c039,0.0210823226609969,0.0,0.0452585749801515,9.331428280967652,青浦区
r072_c043,0.0,0.0063881245397509,0.0086004933851339,8.913752948155377,青浦区
r072_c050,0.1362980759863137,0.0,0.0062971227573153,10.022532238383032,闵行区
r072_c051,0.0283898147826259,0.0,0.1469353563111054,11.179087675486976,闵行区
r072_c052,0.0395919140173151,0.0,0.0624138402536893,8.296632644260203,闵行区
r072_c053,0.0186701967667863,0.0,0.0485330377184899,5.227134241902094,闵行区
r072_c056,0.013638002250642,0.0007166010350859,0.2476883923836592,8.478898456709334,徐汇区
r072_c057,0.03226098027432,0.0,0.2433403264195543,5.966189922041075,徐汇区
r072_c058,0.04004404012056,0.0006906251797885,0.2152933098272395,18.72246398650008,徐汇区
r072_c059,0.1606619531920217,5.00207844097554e-05,0.1677970639628448,15.738614540992549,徐汇区
r072_c060,0.0272797239767258,0.1718655829056054,0.0961408519189293,17.805476134288146,徐汇区
r072_c061,0.2610049690710862,0.3950121762788317,0.045809466752341,11.37013825650576,浦东新区
r072_c062,0.239117046187108,0.0108754644209602,0.1229841583069717,20.89639708700235,浦东新区
r072_c064,0.0204974823272404,0.0,0.1893075723816568,8.938548474705772,浦东新区
r072_c080,0.0,0.0361155261920054,0.0084596512354631,10.93543756737682,浦东新区
r072_c084,0.4466544772062459,0.0088124912472188,0.0260100487113455,9.056884993092632,浦东新区
r073_c050,0.6324776858542229,0.0952971832500877,0.0188078415394742,12.930820068077631,闵行区
r073_c055,0.0057666657500941,0.0,0.1801895557827717,8.076471624555102,徐汇区
r073_c056,0.1266030044414395,0.0300317505691404,0.1600045975471574,9.29419332995707,徐汇区
r073_c057,0.0048536638828231,0.0007162942259636,0.2052213753910053,14.527039635120534,徐汇区
r073_c060,0.0092689972335442,0.0011305224954366,0.1969611095198709,18.860046213533423,徐汇区
r073_c061,0.1294065266153435,0.5866138655856088,0.0521597043626812,10.942338072514891,徐汇区
r073_c062,0.0238575737210523,0.0830293934884147,0.1226920186694214,20.883977335474277,浦东新区
r073_c064,0.0266807922105907,0.052183436397627,0.1416055990465732,7.124078377990228,浦东新区
r073_c070,0.0483881348816429,0.0307842667221581,0.1501185556349353,11.939854848812567,浦东新区
r073_c074,0.0663669013690722,0.05842656302975,0.1584497780161142,14.427301783894617,浦东新区
r074_c028,0.2569678074283413,0.1204255496505412,0.0590467770185501,10.611007115405265,青浦区
r074_c037,0.0,0.0674764445414916,0.0843870050599638,7.085662246676704,青浦区
r074_c049,0.0,0.0,0.1561986967707581,12.665050357361093,闵行区
r074_c050,0.0054307420955816,0.000311717335647,0.0134335228790392,12.01675093257827,闵行区
r074_c059,0.2290625629452842,0.0012602512337698,0.177906631843482,8.313323135908766,徐汇区
r074_c061,0.2663507082609478,0.3368852788351954,0.0260264612781852,12.3214190437395,浦东新区
r074_c062,0.0448149741484655,0.058856499586048,0.1763149690517741,16.43822582649224,浦东新区
r074_c064,0.0,0.0,0.1602761557536661,15.475173956611425,浦东新区
r075_c016,0.0,0.9153610971137236,0.0,2.441828654145106,昆山市
r075_c025,0.1830878449060606,0.1315840175534008,0.0031758815159808,13.656721814911972,青浦区
r075_c037,0.0675446386623218,0.1084854127469107,0.0,9.866660043331894,青浦区
r075_c054,0.0,0.0040585906994968,0.0797668078942391,11.26561242274017,闵行区
r075_c055,0.0894531297853606,0.0295975512824931,0.0396790848792742,21.30085588834857,闵行区
r075_c058,0.3622815960527041,0.0230276103616471,0.1107274990674138,19.53919129272489,徐汇区
r075_c059,0.1478222281916024,0.0399557802393064,0.1343587203517618,16.096382199764257,徐汇区
r075_c061,0.1030008703820422,0.004502302849753,0.0141027120937272,10.511769432688848,浦东新区
r075_c064,0.0032266212321669,0.0,0.2424966451018289,22.828715756660632,浦东新区
r075_c066,0.0641303609557598,0.0338757435705231,0.1303838972779787,8.80937012267903,浦东新区
r075_c069,0.3366038037218282,0.0,0.0056286104769287,10.06412328716018,浦东新区
r075_c080,0.2709871861885742,0.0471784597207308,0.2007419612834216,24.365954392659297,浦东新区
r075_c081,0.7907726624985966,0.2302362532974499,0.0548714833196389,15.169130066717411,浦东新区
r075_c086,0.0,0.0,0.0,7.297569237730983,浦东新区
r076_c020,0.0596420225625226,0.0,0.0,6.164729407087175,青浦区
r076_c024,0.3154588725170095,0.1078774796397037,0.0,19.116993794183603,青浦区
r076_c035,0.0153023777707611,0.0876361514870892,0.0,5.715469153388763,松江区
r076_c037,0.0047241260826508,0.0447496519065657,0.0024077866494169,4.169605452036485,青浦区
r076_c053,0.0551610522125699,0.045799400752315,0.0144429421356594,18.691664268740404,闵行区
r076_c057,0.0,0.0278104390160093,0.0513152412691509,14.171727892259794,徐汇区
r076_c070,0.0,0.0,0.106411917406717,6.251301382542902,浦东新区
r076_c071,0.0,0.0025927561949412,0.0920823124862337,10.14521829960732,浦东新区
r076_c081,0.1361861546283322,0.088189988396384,0.0930934185938124,27.929342633784632,浦东新区
r077_c019,0.0331916684619137,0.1803743046158885,0.0001532745597675,9.96888407053673,青浦区
r077_c026,0.0,0.0791852590540329,0.0,6.025967579110005,青浦区
r077_c035,0.0099592789726101,0.0218064287089392,0.0185177736801484,10.260918710388014,松江区
r077_c051,0.1167926368510809,0.060959607027578,0.0146363241702345,10.405360870429108,闵行区
r077_c054,0.1166820383390826,0.0393619422949101,0.0312774158610093,17.343967029324958,闵行区
r077_c059,0.2594201901529085,0.0196114281795947,0.143518002534472,15.835309854888989,徐汇区
r077_c071,0.0063254085458151,0.0,0.1093048626025955,9.28418424801236,浦东新区
r078_c006,0.0,0.2043730330543959,0.0008584966102326,7.314842057839075,青浦区
r078_c007,0.0,0.2793188011346425,0.0,6.114212062272532,青浦区
r078_c015,0.6432518029440573,0.3906862242158879,0.0367695095684225,8.37684462728854,青浦区
r078_c019,0.104188601756098,0.2089325155125809,0.0051671850666426,13.792078638605709,青浦区
r078_c020,0.0288217204450764,0.1710456568737359,0.0012998418498305,11.777354667296462,青浦区
r078_c035,0.0966288197423834,0.0560091642681164,0.0273603865190858,8.267479220497098,松江区
r078_c036,0.1535119055271449,0.0207479314567496,0.0097800418882329,4.589574100493367,松江区
r078_c037,0.0370767289356004,0.0277722127884374,0.0,6.001595150068997,松江区
r078_c040,0.0,0.1229378025929289,0.0316577717561406,3.899691780888686,松江区
r078_c042,0.0438831707999409,0.0287009916690687,0.0031563008292067,8.831521322773403,松江区
r078_c049,0.2694397715084738,0.0303672012673385,0.0023005063961236,6.882106409236464,松江区
r078_c054,0.2491133306282945,0.0411771934326459,0.0054076760246696,8.702741813778445,闵行区
r078_c061,0.0431726519828954,0.4081635922685065,0.0,1.4230346774450562,浦东新区
r078_c073,0.0,0.0,0.2047239366651928,5.825338187741949,浦东新区
r079_c009,0.0,1.0,0.0,0.0,青浦区
r079_c015,0.8027665967173813,0.1830342074295665,0.0166915592793053,13.35085769249965,青浦区
r079_c033,0.0,0.0,0.0,5.162238816651612,松江区
r079_c035,0.4470231556781753,0.2051463897108752,0.0,5.77782131365284,松江区
r079_c037,0.0206940637603599,0.044194302703346,0.0178108489062452,6.241014759590119,松江区
r079_c040,0.0,0.0271926877141841,0.0009000840599987,7.591525632527402,松江区
r079_c050,0.0362014709161548,0.0533359624169626,0.0587763177329494,11.10686382740924,闵行区
r079_c052,0.0131707493189699,0.0172456938072883,0.0791357774808818,10.778739131954111,闵行区
r079_c055,0.0231250828977036,0.0,0.082924803510575,12.267172332047243,闵行区
r079_c057,0.0,0.0,0.0013385942397863,7.105790510277375,闵行区
r080_c012,0.0491358800659771,0.8098224196875683,0.0080010011030251,2.510513652897957,青浦区
r080_c030,0.0,0.0,0.0,3.828734136855874,松江区
r080_c032,0.0,0.0448360895814919,0.0402416977421238,3.6030821441935657,松江区
r080_c033,0.3001044441510875,0.0095923869702986,0.0055405806022252,8.472222621169859,松江区
r080_c034,0.275110582164945,0.0055448596088357,0.0086200271370544,7.111279831651082,松江区
r080_c035,0.0347268280595086,0.0449993901382754,0.0294066347165125,8.822840252748305,松江区
r080_c036,0.0548898828664842,0.0864424542273111,0.0139510781007734,9.02393535452026,松江区
r080_c037,0.0370111211263763,0.0448857955765337,0.0,5.350747544329453,松江区
r080_c039,0.0,0.0538004924876307,0.0345151112942819,5.440735841672382,松江区
r080_c049,0.0,0.0,0.0148171181951617,4.588381501176903,松江区
r080_c063,0.0,0.0182739704777568,0.0320955303348142,13.33760306859796,闵行区
r080_c064,0.0049568826718219,0.0771502142603491,0.0200240713219999,9.880561486959037,闵行区
r081_c033,0.1874008113342218,0.0363136163082968,0.0109292827524743,7.060632050679788,松江区
r081_c034,0.0418430534917083,0.0334666589458563,0.0003382170224879,4.932300830307815,松江区
r081_c035,0.0137038857944048,0.0441890429698021,0.0002452201255062,4.727664508839294,松江区
r081_c037,0.0711749506395315,0.0131415275789741,0.008496234220326,7.995749636438723,松江区
r081_c043,0.0073130636121248,0.0268824712299032,0.0280610365247489,14.722602942063682,松江区
r081_c054,0.0159959535243049,0.0,0.0252649755870133,8.06182560334352,闵行区
r081_c076,0.008231512510936,0.0074717812933694,0.0193578873107365,6.823897365510638,浦东新区
r082_c005,0.2936019108876327,0.3398663523854273,0.0074679877193586,9.8807565541308,青浦区
r082_c008,0.0,0.5577638122301969,0.0,4.917375869993799,青浦区
r082_c009,0.0,0.3169572643387395,0.0,6.9716869627941565,青浦区
r082_c014,0.7329464831169402,0.2143855010909893,0.0,6.7292773296031125,青浦区
r082_c026,0.0011479837166411,0.0031507273384372,0.0103607553511805,10.650844360784204,青浦区
r082_c029,0.243639291084113,0.0,0.015882803911497,10.336891271042994,松江区
r082_c032,0.7645861923757492,0.0891584457154496,0.013324550854733,13.666482217488394,松江区
r082_c064,0.1373299403043874,0.0124522006347012,0.0321674515146957,17.11194145374183,闵行区
r082_c069,0.1228511917577579,0.0046924957086117,0.0280413687319539,7.656915203756063,闵行区
r083_c006,0.0,0.1843789002163806,0.0004102953205943,10.966253858970903,青浦区
r083_c008,0.0,0.0604930490286667,0.021591308583637,9.44389507449673,青浦区
r083_c012,0.7323447089797762,0.315749730883909,0.0,7.104106956012534,青浦区
r083_c029,0.0190406040107499,0.0798622746539252,0.004858909108454,5.768718038239406,松江区
r083_c030,0.0034796391668713,0.0394469300756432,0.0062850278786358,10.702899703934548,松江区
r083_c032,0.7865313888409498,0.0,0.0,5.109346595027134,松江区
r083_c034,0.2694265055222074,0.1811406111466013,0.0793147618981095,12.236309973316857,松江区
r083_c036,0.0182632056920242,0.0489966364603475,0.0214895933503149,10.018623263331204,松江区
r083_c038,0.0157805425220524,0.1336478796714525,0.0549543562778157,6.20322601328503,松江区
r084_c036,0.0681785490297745,0.1169615765516795,0.0592858361089634,11.105148956902235,松江区
r084_c065,0.7490508654858542,0.0844188625601786,0.0180084744059433,19.823750147196986,闵行区
r084_c086,0.0793521750109628,0.0987513469141232,0.0292897188918256,10.054705760672768,浦东新区
r084_c091,0.0847801776303344,0.0,0.1669513658117876,12.5078554242403,浦东新区
r085_c013,0.0,0.0925067020173274,0.0,4.03776542045116,青浦区
r085_c042,0.0,0.0,0.0246241987208757,6.39876438752327,松江区
r085_c063,0.2224217422434167,0.1189813358065517,0.0009623872334994,8.978150333463077,闵行区
r085_c065,0.1615530955130114,0.0148420179967375,0.0026553681380365,10.031657657905924,闵行区
r085_c066,0.4705484988035312,0.0192076093841424,0.0142222241671943,8.378594857607196,闵行区
r085_c087,0.0,0.0466734017279064,0.0216951842784059,3.1967750958322005,浦东新区
r086_c006,0.0,0.0182944027454937,0.0015334406615489,11.388862735446311,青浦区
r086_c021,0.3862811629086002,0.2318788603357713,0.0,1.6862458732485617,青浦区
r086_c033,0.0167434288858535,0.0432848636297992,0.0303711409272701,9.97631472549688,松江区
r086_c034,0.0164469189314197,0.2043450127602402,0.0409619648452133,15.727522607089808,松江区
r086_c035,0.2037201421687633,0.0973709917485913,0.092136662536747,14.877918936252168,松江区
r086_c036,0.3348530584901342,0.0920611231943892,0.1154782916965965,13.444730539201329,松江区
r086_c037,0.2722562520273809,0.0580643757433106,0.0978715203649376,12.209231337471602,松江区
r086_c038,0.009252834806617,0.0410674597735235,0.1494771489500779,12.1822071431609,松江区
r086_c039,0.0,0.000286604664615,0.1042343432434317,15.482107347926322,松江区
r086_c058,0.103569494111882,0.0377308974137496,0.0681241263057923,21.763696850865,闵行区
r086_c086,0.0,5.95594161708289e-05,0.0196137137090483,6.458155197388919,浦东新区
r087_c011,0.011264852104377,0.3236362943700857,0.0,6.498269300877518,青浦区
r087_c013,0.0711296664634663,0.2612415304177244,0.0,5.813156530521902,青浦区
r087_c018,0.426580277355242,0.1794408126133627,0.0,10.31848099230164,青浦区
r087_c040,0.0,0.0343660922422504,0.0666691692459424,4.796602478361757,松江区
r087_c055,0.1195877002966205,0.0241043307397692,0.0582812805175873,10.85417266310174,闵行区
r087_c057,0.1218305685324919,0.0429163502764741,0.1523079036359966,27.81341494014048,闵行区
r087_c058,0.1581855157471103,0.0556217534563663,0.1082385071748271,25.270024926384234,闵行区
r087_c059,0.1073979618057655,0.018195047448701,0.1747052994317666,15.790197505649669,闵行区
r087_c061,0.0075492815223883,0.2433249606928395,0.0362418688396974,11.057813806786616,闵行区
r087_c079,0.0,0.0,0.0480235317238781,11.571858649780232,浦东新区
r087_c084,0.0116427400938667,0.0,0.1003971143529344,7.949526539456555,浦东新区
r088_c019,0.3547961702647492,0.0019226463136877,0.1121112772695403,10.273894199100344,青浦区
r088_c041,0.0461392589498682,0.0271224818747812,0.1387861515783839,7.464381652174758,松江区
r088_c045,0.0,7.554261399578395e-06,0.018789012333003,13.686718771045284,松江区
r088_c079,0.1107366628971311,0.0933280051083396,0.0062047598996821,12.886433499604998,浦东新区
r089_c035,0.0,0.0,0.0011852932725492,5.867568614479764,松江区
r089_c036,0.0072051619146565,0.0031792921253688,0.0148589680357127,4.855641181294668,松江区
r089_c037,0.0541168735729915,0.0022247213364453,0.0270780359064289,8.00972654649497,松江区
r089_c038,0.0081116636916961,0.0422735894703895,0.0283889462449003,6.659883947291407,松江区
r089_c039,0.142686665971272,0.0153312324375392,0.0393959760997396,5.9809087502458365,松江区
r089_c045,0.0,0.0066373908955133,0.0,7.652922773810328,松江区
r089_c056,0.0354354265378547,0.0,0.2237143426505747,8.552551354098242,闵行区
r089_c077,0.0,0.0,0.0,6.687719895987681,浦东新区
r091_c047,0.1725208707593315,0.3284647109924498,0.0,7.889608182538379,闵行区
r091_c063,0.0,0.0,0.0,8.77839019248791,奉贤区
r093_c044,0.1582270808812403,0.457815986849978,0.0,7.730309679877106,松江区
r093_c105,0.7220279919739616,0.1691774048516535,0.0,6.967942874494277,浦东新区
r094_c040,0.0,0.0,0.0,9.02499877867316,松江区
r095_c023,0.0,0.0002024362955357,0.0077292932464135,8.816686006833056,松江区
r095_c064,0.0074453053909141,0.0339591677046895,0.0018217470219903,4.989121245347319,奉贤区
r095_c078,0.0,0.0,0.0,5.119933567330904,奉贤区
r095_c105,0.1815643055190818,0.0973855622033681,0.052247660668167,5.894634308295982,浦东新区
r096_c063,0.0073703202567434,0.0077004313337989,0.0022227990486624,12.27599748328163,奉贤区
r096_c064,0.3479953366698706,0.4587235988664836,0.0281862818912289,14.58006819279514,奉贤区
r097_c016,0.0,0.0,0.0,2.01093633694008,金山区
r097_c042,0.0,0.0,0.0,5.792896684885182,松江区
r097_c061,0.0955900726710113,0.0,0.1149277282237351,8.866229612654934,奉贤区
r097_c063,0.0046471885827446,0.0466078456214597,0.0529775910440398,11.044046583040634,奉贤区
r097_c064,0.1910923792504864,0.0840993812314468,0.0041483046571602,15.626187727301556,奉贤区
r097_c072,0.0,0.0043171407730644,0.0748343388172959,8.810894908783515,奉贤区
r097_c079,0.0,0.036558227082197,0.0,4.144950812501015,奉贤区
r097_c083,0.0,0.0333777975801368,0.1099919754592999,12.114977148439804,奉贤区
r097_c105,0.0653129894487433,0.0495447733166425,0.0621928094961972,9.06507984146801,浦东新区
r098_c058,0.0,0.0,0.0,6.994044357678911,奉贤区
r098_c060,0.0399551857654556,0.0,0.059265439160857,9.769147300364224,奉贤区
r098_c079,0.0023192725800079,0.0,0.0203856233934569,6.030426110533456,奉贤区
r098_c096,0.003632906145684,0.0236253980306048,0.0153708648938175,12.88255941978808,浦东新区
r098_c105,0.1446973152702743,0.1260296764415153,0.0633571854429531,14.518975452798378,浦东新区
r098_c107,0.3539744387327698,0.114513884524004,0.0622812424829923,20.531770643356232,浦东新区
r099_c105,0.1270690612109023,0.0405703631633915,0.0672112747609128,13.25704766002958,浦东新区
r099_c106,0.3219995497986574,0.1281935261848029,0.0583981676133538,18.302586347801235,浦东新区
r099_c107,0.1800315786846282,0.3833231854172205,0.0249288190625516,20.330947779849375,浦东新区
r100_c026,0.2075887684097688,0.0616299940539554,0.0,10.372268559580313,金山区
r100_c031,0.0,0.0,0.0032686750625693,12.286650893037852,金山区
r100_c105,0.0088163486835167,0.0303679083545172,0.0183772169237057,17.38282384817644,浦东新区
r100_c106,0.2960351263133571,0.1572883729249141,0.0543953375901404,17.074947560894792,浦东新区
r100_c107,0.1719028713543981,0.3784124249096217,0.058827318714532,18.05149683312216,浦东新区
r101_c015,0.0941718465566714,0.0060978830412173,0.0521632890953392,7.721055050900866,金山区
r101_c016,0.1147089920432942,0.0417033139453578,0.0010644050408768,10.207714002474564,金山区
r101_c024,0.0,0.0474708148318339,0.0337488187698162,10.226474576231508,金山区
r101_c031,0.0028896597728567,0.0,0.0081345343521787,9.194242248274849,金山区
r101_c054,0.0,0.0,0.0,6.669584548787076,奉贤区
r101_c105,0.0201769304992531,0.5461823967712833,0.0155253041734563,10.47875983226709,浦东新区
r101_c106,0.0470194302795345,0.0741328437759702,0.0210399388557343,15.294798117479711,浦东新区
r102_c100,0.0009482860333176,0.0589272789450895,0.0535773440296466,9.312317281797847,浦东新区
r102_c105,0.0260254970920154,0.1079159791950162,0.1105679474340262,17.21124763081483,浦东新区
r103_c073,0.3657619449913776,0.036821679385143,0.0247125542715569,3.128037199027696,奉贤区
r103_c083,0.924379678468751,0.2253598849573783,0.0,8.641451085793669,奉贤区
r103_c105,0.0,0.0846394700200671,0.0136729269204375,11.60167733817867,浦东新区
r104_c104,0.0,0.0,0.0730276828338037,6.105966997944729,浦东新区
r106_c036,0.0,0.0,0.0,4.4385208547039605,金山区
r107_c067,0.0959207396345206,0.1101119877649008,0.0014623970083433,5.354431981744893,奉贤区
r107_c069,0.0,0.2086624708557575,0.0,3.91095494247468,奉贤区
r107_c071,0.0,0.398601864949629,0.0,1.1792127621162662,奉贤区
r108_c066,0.0019533217261531,0.0,0.0045611309391456,4.350047846677279,奉贤区
r109_c043,0.000180003183097,0.022112597451014,0.0022243796792992,8.904288804560624,金山区
r110_c049,0.0,0.0,0.0043939995693881,6.74170567358112,金山区
r111_c030,0.4175900464110695,0.0388984954303481,0.0002680152945108,6.0865154332672216,金山区
r115_c049,0.2120338877870631,0.0511726868426211,0.0343367506213061,9.755824857230808,金山区
r116_c049,0.0626363589097154,0.0231233317538151,0.0167045188119995,7.408828230184988,金山区
r116_c050,0.0,0.0,0.0148997192860212,10.123946274263757,金山区
r116_c051,0.1675466644458284,0.0327098519484753,0.0397313703076947,9.23875752079147,金山区
r118_c049,0.0252550682127198,0.0875598520368028,0.0036049645039748,6.609047565726296,金山区
r119_c048,0.0070953264780155,0.3781813407395453,0.0033434898808159,11.361452761800235,金山区
r119_c049,0.1880778394977854,0.4222344682819807,0.0,4.206616330352288,金山区
